,Logistic Regression,KNeighborsClassifier,KNN_Optuna,LinReg_Optuna,RF_Optuna,RF_Optuna_04
0,0.8125675907430893,0.8445926566519976,0.8677912167918009,0.814517910715136,0.8727799993801867,0.876972399108376
