,Comment,Train Score,Cross-val Score,Test Accuracy
0,All True,0.5,0.5,0.50689
1,All numerical features with 0's for missing values,0.9195068967253198,0.8284518468994545,0.7877
2,All numerical features are selected,0.9195068967253198,0.8284518468994545,0.7877
3,+ GroupSize,0.9322506628793733,0.8342087175928439,0.7884
